"﻿""Series""";Time;Value
yzh mirror;2025-07-14T00:00:00+08:00;2392.4649649735443
yzh mirror;2025-07-14T00:10:00+08:00;1499.0522545027752
yzh mirror;2025-07-14T00:20:00+08:00;1916.094303250783
yzh mirror;2025-07-14T00:30:00+08:00;1208.302658310115
yzh mirror;2025-07-14T00:40:00+08:00;2536.5687803548194
yzh mirror;2025-07-14T00:50:00+08:00;2301.501287436792
yzh mirror;2025-07-14T01:00:00+08:00;13366.959897823193
yzh mirror;2025-07-14T01:10:00+08:00;1504.2321128272538
yzh mirror;2025-07-14T01:20:00+08:00;1754.4535089750373
yzh mirror;2025-07-14T01:30:00+08:00;2282.4834594271874
yzh mirror;2025-07-14T01:40:00+08:00;1930.3253685487234
yzh mirror;2025-07-14T01:50:00+08:00;2461.466695219779
yzh mirror;2025-07-14T02:00:00+08:00;4451.764052389372
yzh mirror;2025-07-14T02:10:00+08:00;2118.051671571828
yzh mirror;2025-07-14T02:20:00+08:00;955.1111006706734
yzh mirror;2025-07-14T02:30:00+08:00;3319.5683798946648
yzh mirror;2025-07-14T02:40:00+08:00;2621.0818653677143
yzh mirror;2025-07-14T02:50:00+08:00;1331.351343484746
yzh mirror;2025-07-14T03:00:00+08:00;4170.315135131283
yzh mirror;2025-07-14T03:10:00+08:00;2924.1173758053724
yzh mirror;2025-07-14T03:20:00+08:00;3987.6152558096123
yzh mirror;2025-07-14T03:30:00+08:00;923.1584437985823
yzh mirror;2025-07-14T03:40:00+08:00;2304.9379463524847
yzh mirror;2025-07-14T03:50:00+08:00;3001.056073599605
yzh mirror;2025-07-14T04:00:00+08:00;3271.412855004965
yzh mirror;2025-07-14T04:10:00+08:00;4810.061139118233
yzh mirror;2025-07-14T04:20:00+08:00;3690.683937899749
yzh mirror;2025-07-14T04:30:00+08:00;3900.095811989063
yzh mirror;2025-07-14T04:40:00+08:00;3405.4136386970495
yzh mirror;2025-07-14T04:50:00+08:00;2970.203076788919
yzh mirror;2025-07-14T05:00:00+08:00;11733.768154342426
yzh mirror;2025-07-14T05:10:00+08:00;4641.369737000938
yzh mirror;2025-07-14T05:20:00+08:00;3633.1002883092347
yzh mirror;2025-07-14T05:30:00+08:00;6437.431718843744
yzh mirror;2025-07-14T05:40:00+08:00;6062.117398036187
yzh mirror;2025-07-14T05:50:00+08:00;3754.7995227466176
yzh mirror;2025-07-14T06:00:00+08:00;7575.361092977691
yzh mirror;2025-07-14T06:10:00+08:00;2343.957281956409
yzh mirror;2025-07-14T06:20:00+08:00;4024.4996870825116
yzh mirror;2025-07-14T06:30:00+08:00;4443.422710791914
yzh mirror;2025-07-14T06:40:00+08:00;3773.7177776345115
yzh mirror;2025-07-14T06:50:00+08:00;3711.4897589193483
yzh mirror;2025-07-14T07:00:00+08:00;3028.9268084714354
yzh mirror;2025-07-14T07:10:00+08:00;3208.1948316988655
yzh mirror;2025-07-14T07:20:00+08:00;3750.293995269002
yzh mirror;2025-07-14T07:30:00+08:00;4415.423720841458
yzh mirror;2025-07-14T07:40:00+08:00;1904.3787488936478
yzh mirror;2025-07-14T07:50:00+08:00;3014.569785492415
yzh mirror;2025-07-14T08:00:00+08:00;2915.8901576658523
yzh mirror;2025-07-14T08:10:00+08:00;1058.7360213656486
yzh mirror;2025-07-14T08:20:00+08:00;1790.3179310193468
yzh mirror;2025-07-14T08:30:00+08:00;1651.3825851440906
yzh mirror;2025-07-14T08:40:00+08:00;1912.2178103165504
yzh mirror;2025-07-14T08:50:00+08:00;1947.7497928208181
yzh mirror;2025-07-14T09:00:00+08:00;1466.0417791830196
yzh mirror;2025-07-14T09:10:00+08:00;2229.3180070942753
yzh mirror;2025-07-14T09:20:00+08:00;2117.230821265878
yzh mirror;2025-07-14T09:30:00+08:00;2524.0631420646287
yzh mirror;2025-07-14T09:40:00+08:00;2861.451312905756
yzh mirror;2025-07-14T09:50:00+08:00;1666.0083855854336
yzh mirror;2025-07-14T10:00:00+08:00;1600.8648802433331
yzh mirror;2025-07-14T10:10:00+08:00;1214.0080508937745
yzh mirror;2025-07-14T10:20:00+08:00;1596.3143660152932
yzh mirror;2025-07-14T10:30:00+08:00;966.1276924346802
yzh mirror;2025-07-14T10:40:00+08:00;959.960077142546
yzh mirror;2025-07-14T10:50:00+08:00;947.7992631077184
yzh mirror;2025-07-14T11:00:00+08:00;968.5399424572884
yzh mirror;2025-07-14T11:10:00+08:00;1796.2069016683095
yzh mirror;2025-07-14T11:20:00+08:00;1761.3498108425501
yzh mirror;2025-07-14T11:30:00+08:00;1979.951652301946
yzh mirror;2025-07-14T11:40:00+08:00;4790.2177457663565
yzh mirror;2025-07-14T11:50:00+08:00;1455.3939063222506
yzh mirror;2025-07-14T12:00:00+08:00;1748.7909295927684
yzh mirror;2025-07-14T12:10:00+08:00;1430.9916751795392
yzh mirror;2025-07-14T12:20:00+08:00;1214.7914028281025
yzh mirror;2025-07-14T12:30:00+08:00;1526.2774678593819
yzh mirror;2025-07-14T12:40:00+08:00;984.2511934117192
yzh mirror;2025-07-14T12:50:00+08:00;966.6904968013549
yzh mirror;2025-07-14T13:00:00+08:00;1226.3109129203633
yzh mirror;2025-07-14T13:10:00+08:00;1890.9361883701824
yzh mirror;2025-07-14T13:20:00+08:00;1617.0764994286596
yzh mirror;2025-07-14T13:30:00+08:00;987.9993732436246
yzh mirror;2025-07-14T13:40:00+08:00;2289.3019314884687
yzh mirror;2025-07-14T13:50:00+08:00;1896.4525727570172
yzh mirror;2025-07-14T14:00:00+08:00;2169.6915288953523
yzh mirror;2025-07-14T14:10:00+08:00;1347.2518606592594
yzh mirror;2025-07-14T14:20:00+08:00;1262.87544886029
yzh mirror;2025-07-14T14:30:00+08:00;988.1500095484855
yzh mirror;2025-07-14T14:40:00+08:00;1697.4621205649278
yzh mirror;2025-07-14T14:50:00+08:00;1142.4749689521539
yzh mirror;2025-07-14T15:00:00+08:00;1196.5921940075293
yzh mirror;2025-07-14T15:10:00+08:00;1256.4843967257607
yzh mirror;2025-07-14T15:20:00+08:00;991.4270993283487
yzh mirror;2025-07-14T15:30:00+08:00;1277.8670278756006
yzh mirror;2025-07-14T15:40:00+08:00;2211.1657597272524
yzh mirror;2025-07-14T15:50:00+08:00;944.8951889171419
yzh mirror;2025-07-14T16:00:00+08:00;1360.6047232543456
yzh mirror;2025-07-14T16:10:00+08:00;1897.1778035144257
yzh mirror;2025-07-14T16:20:00+08:00;2263.792657790043
yzh mirror;2025-07-14T16:30:00+08:00;34109.276874739284
yzh mirror;2025-07-14T16:40:00+08:00;1784.7959618736245
yzh mirror;2025-07-14T16:50:00+08:00;1282.962522502106
yzh mirror;2025-07-14T17:00:00+08:00;2340.1041184992314
yzh mirror;2025-07-14T17:10:00+08:00;1851.9777945947371
yzh mirror;2025-07-14T17:20:00+08:00;996.4162110354268
yzh mirror;2025-07-14T17:30:00+08:00;1572.0774705767749
yzh mirror;2025-07-14T17:40:00+08:00;973.820950598001
yzh mirror;2025-07-14T17:50:00+08:00;1598.4462273173626
yzh mirror;2025-07-14T18:00:00+08:00;991.3674759676155
yzh mirror;2025-07-14T18:10:00+08:00;1373.415858740846
yzh mirror;2025-07-14T18:20:00+08:00;1175.6279236576875
yzh mirror;2025-07-14T18:30:00+08:00;996.9565060922321
yzh mirror;2025-07-14T18:40:00+08:00;990.5425094694642
yzh mirror;2025-07-14T18:50:00+08:00;809.3980148277981
yzh mirror;2025-07-14T19:00:00+08:00;985.9852949963372
yzh mirror;2025-07-14T19:10:00+08:00;851.802515694159
yzh mirror;2025-07-14T19:20:00+08:00;871.457908714505
yzh mirror;2025-07-14T19:30:00+08:00;852.9397482533846
yzh mirror;2025-07-14T19:40:00+08:00;809.4309908241964
yzh mirror;2025-07-14T19:50:00+08:00;691.4777649210907
yzh mirror;2025-07-14T20:00:00+08:00;713.5651216766132
yzh mirror;2025-07-14T20:10:00+08:00;863.2189568046698
yzh mirror;2025-07-14T20:20:00+08:00;936.6593220056761
yzh mirror;2025-07-14T20:30:00+08:00;857.557607281998
yzh mirror;2025-07-14T20:40:00+08:00;885.5419981841394
yzh mirror;2025-07-14T20:50:00+08:00;1318.479245921977
yzh mirror;2025-07-14T21:00:00+08:00;2394.691211988621
yzh mirror;2025-07-14T21:10:00+08:00;1093.5409202629537
yzh mirror;2025-07-14T21:20:00+08:00;1771.3322838645624
yzh mirror;2025-07-14T21:30:00+08:00;1314.3306471284495
yzh mirror;2025-07-14T21:40:00+08:00;1560.827539724267
yzh mirror;2025-07-14T21:50:00+08:00;1849.1178825125521
yzh mirror;2025-07-14T22:00:00+08:00;1408.9823331812386
yzh mirror;2025-07-14T22:10:00+08:00;1510.4011339366107
yzh mirror;2025-07-14T22:20:00+08:00;937.1300820522051
yzh mirror;2025-07-14T22:30:00+08:00;1070.3090212732645
yzh mirror;2025-07-14T22:40:00+08:00;2197.337485113677
yzh mirror;2025-07-14T22:50:00+08:00;1613.963850776826
yzh mirror;2025-07-14T23:00:00+08:00;1013.7085176612283
yzh mirror;2025-07-14T23:10:00+08:00;1250.6104099440465
yzh mirror;2025-07-14T23:20:00+08:00;1539.381497487234
yzh mirror;2025-07-14T23:30:00+08:00;929.6556875436802
yzh mirror;2025-07-14T23:40:00+08:00;2023.859799135074
yzh mirror;2025-07-14T23:50:00+08:00;1742.658506943522
yzh mirror;2025-07-15T00:00:00+08:00;1498.871258410551
yzh mirror;2025-07-15T00:10:00+08:00;1554.350376084984
yzh mirror;2025-07-15T00:20:00+08:00;1394.579873888856
yzh mirror;2025-07-15T00:30:00+08:00;1738.0669385254316
yzh mirror;2025-07-15T00:40:00+08:00;2970.8713123785387
yzh mirror;2025-07-15T00:50:00+08:00;3476.0728931936255
yzh mirror;2025-07-15T01:00:00+08:00;14552.472422384308
yzh mirror;2025-07-15T01:10:00+08:00;4651.271492083917
yzh mirror;2025-07-15T01:20:00+08:00;2215.550308062743
yzh mirror;2025-07-15T01:30:00+08:00;2413.6171490769666
yzh mirror;2025-07-15T01:40:00+08:00;4728.679591687594
yzh mirror;2025-07-15T01:50:00+08:00;3517.591270570895
yzh mirror;2025-07-15T02:00:00+08:00;4216.831486134892
yzh mirror;2025-07-15T02:10:00+08:00;2201.358455066988
yzh mirror;2025-07-15T02:20:00+08:00;1298.5212490313281
yzh mirror;2025-07-15T02:30:00+08:00;876.7833839952468
yzh mirror;2025-07-15T02:40:00+08:00;910.1316505639112
yzh mirror;2025-07-15T02:50:00+08:00;1084.8528568167555
yzh mirror;2025-07-15T03:00:00+08:00;599.7171348406605
yzh mirror;2025-07-15T03:10:00+08:00;977.4529371443141
yzh mirror;2025-07-15T03:20:00+08:00;2320.628749677141
yzh mirror;2025-07-15T03:30:00+08:00;2265.005675010066
yzh mirror;2025-07-15T03:40:00+08:00;2446.8748621973646
yzh mirror;2025-07-15T03:50:00+08:00;3517.0287317888947
yzh mirror;2025-07-15T04:00:00+08:00;6253.785190863624
yzh mirror;2025-07-15T04:10:00+08:00;4675.018544415212
yzh mirror;2025-07-15T04:20:00+08:00;6904.805663709536
yzh mirror;2025-07-15T04:30:00+08:00;4979.867629821298
yzh mirror;2025-07-15T04:40:00+08:00;4869.849553252716
yzh mirror;2025-07-15T04:50:00+08:00;4449.069373290859
yzh mirror;2025-07-15T05:00:00+08:00;8004.086738718597
yzh mirror;2025-07-15T05:10:00+08:00;5894.8591335712645
yzh mirror;2025-07-15T05:20:00+08:00;4633.565476521968
yzh mirror;2025-07-15T05:30:00+08:00;6271.172402889849
yzh mirror;2025-07-15T05:40:00+08:00;5637.878316196367
yzh mirror;2025-07-15T05:50:00+08:00;2949.623173587968
yzh mirror;2025-07-15T06:00:00+08:00;4277.928344511081
yzh mirror;2025-07-15T06:10:00+08:00;3277.427297289553
yzh mirror;2025-07-15T06:20:00+08:00;4137.907062085869
yzh mirror;2025-07-15T06:30:00+08:00;5641.538972950302
yzh mirror;2025-07-15T06:40:00+08:00;5903.542009768298
yzh mirror;2025-07-15T06:50:00+08:00;7672.687531102028
yzh mirror;2025-07-15T07:00:00+08:00;2479.9696515205387
yzh mirror;2025-07-15T07:10:00+08:00;6116.42177340247
yzh mirror;2025-07-15T07:20:00+08:00;4724.562175630068
yzh mirror;2025-07-15T07:30:00+08:00;2403.117861325497
yzh mirror;2025-07-15T07:40:00+08:00;3825.0546049338677
yzh mirror;2025-07-15T07:50:00+08:00;1710.4388193435975
yzh mirror;2025-07-15T08:00:00+08:00;3031.442656473252
yzh mirror;2025-07-15T08:10:00+08:00;2028.4580199285492
yzh mirror;2025-07-15T08:20:00+08:00;2182.6378310214905
yzh mirror;2025-07-15T08:30:00+08:00;1847.1169504264958
yzh mirror;2025-07-15T08:40:00+08:00;3483.0701314126586
yzh mirror;2025-07-15T08:50:00+08:00;2494.909483279121
yzh mirror;2025-07-15T09:00:00+08:00;4044.3127790390463
yzh mirror;2025-07-15T09:10:00+08:00;2395.2765039427713
yzh mirror;2025-07-15T09:20:00+08:00;2111.9143059141034
yzh mirror;2025-07-15T09:30:00+08:00;2336.01398048244
yzh mirror;2025-07-15T09:40:00+08:00;2618.1734257597577
yzh mirror;2025-07-15T09:50:00+08:00;2298.3279151973084
yzh mirror;2025-07-15T10:00:00+08:00;2106.0045303316147
yzh mirror;2025-07-15T10:10:00+08:00;882.4425394738637
yzh mirror;2025-07-15T10:20:00+08:00;919.3708625533097
yzh mirror;2025-07-15T10:30:00+08:00;1295.670291559243
yzh mirror;2025-07-15T10:40:00+08:00;1537.5397365294325
yzh mirror;2025-07-15T10:50:00+08:00;1427.6001536049914
yzh mirror;2025-07-15T11:00:00+08:00;1473.936295640324
yzh mirror;2025-07-15T11:10:00+08:00;1278.3647667529724
yzh mirror;2025-07-15T11:20:00+08:00;1087.20312235079
yzh mirror;2025-07-15T11:30:00+08:00;1632.7868061884583
yzh mirror;2025-07-15T11:40:00+08:00;1455.41532866152
yzh mirror;2025-07-15T11:50:00+08:00;2324.9421102151855
yzh mirror;2025-07-15T12:00:00+08:00;1866.3154421504155
yzh mirror;2025-07-15T12:10:00+08:00;1373.546084281064
yzh mirror;2025-07-15T12:20:00+08:00;1673.9660894023514
yzh mirror;2025-07-15T12:30:00+08:00;980.2403862586559
yzh mirror;2025-07-15T12:40:00+08:00;1586.2275022031502
yzh mirror;2025-07-15T12:50:00+08:00;1407.5430197646738
yzh mirror;2025-07-15T13:00:00+08:00;1393.65249508148
yzh mirror;2025-07-15T13:10:00+08:00;2125.503862643421
yzh mirror;2025-07-15T13:20:00+08:00;1486.590377656489
yzh mirror;2025-07-15T13:30:00+08:00;1432.053757573127
yzh mirror;2025-07-15T13:40:00+08:00;1599.7611598796486
yzh mirror;2025-07-15T13:50:00+08:00;1645.0824757355558
yzh mirror;2025-07-15T14:00:00+08:00;1393.2782028204408
yzh mirror;2025-07-15T14:10:00+08:00;1337.5165936016983
yzh mirror;2025-07-15T14:20:00+08:00;2172.686656738733
yzh mirror;2025-07-15T14:30:00+08:00;1465.5300063243594
yzh mirror;2025-07-15T14:40:00+08:00;2302.966147622326
yzh mirror;2025-07-15T14:50:00+08:00;2144.3990987107063
yzh mirror;2025-07-15T15:00:00+08:00;1974.7688104028698
yzh mirror;2025-07-15T15:10:00+08:00;1026.0413648946562
yzh mirror;2025-07-15T15:20:00+08:00;1308.4074284749897
yzh mirror;2025-07-15T15:30:00+08:00;9240.14623012325
yzh mirror;2025-07-15T15:40:00+08:00;1969.0411311517178
yzh mirror;2025-07-15T15:50:00+08:00;1844.1525889576437
yzh mirror;2025-07-15T16:00:00+08:00;1929.780142138901
yzh mirror;2025-07-15T16:10:00+08:00;4099.34970568216
yzh mirror;2025-07-15T16:20:00+08:00;2083.9243026264803
yzh mirror;2025-07-15T16:30:00+08:00;1555.0606256502638
yzh mirror;2025-07-15T16:40:00+08:00;1738.4683142057784
yzh mirror;2025-07-15T16:50:00+08:00;1778.4677911528822
yzh mirror;2025-07-15T17:00:00+08:00;2088.279700366542
yzh mirror;2025-07-15T17:10:00+08:00;1706.6546328713343
yzh mirror;2025-07-15T17:20:00+08:00;1798.3203964794982
yzh mirror;2025-07-15T17:30:00+08:00;1889.7094013893538
yzh mirror;2025-07-15T17:40:00+08:00;1095.4480845458324
yzh mirror;2025-07-15T17:50:00+08:00;1130.8221505580916
yzh mirror;2025-07-15T18:00:00+08:00;859.0743252481669
yzh mirror;2025-07-15T18:10:00+08:00;689.7767043205673
yzh mirror;2025-07-15T18:20:00+08:00;946.1906483553053
yzh mirror;2025-07-15T18:30:00+08:00;900.0284698374401
yzh mirror;2025-07-15T18:40:00+08:00;744.6947287752316
yzh mirror;2025-07-15T18:50:00+08:00;847.4041779213665
yzh mirror;2025-07-15T19:00:00+08:00;836.4857718906233
yzh mirror;2025-07-15T19:10:00+08:00;856.5258166418784
yzh mirror;2025-07-15T19:20:00+08:00;804.4528677886374
yzh mirror;2025-07-15T19:30:00+08:00;881.5135216859846
yzh mirror;2025-07-15T19:40:00+08:00;911.8862807837932
yzh mirror;2025-07-15T19:50:00+08:00;911.2600089906325
yzh mirror;2025-07-15T20:00:00+08:00;928.4567787728556
yzh mirror;2025-07-15T20:10:00+08:00;978.0550882925985
yzh mirror;2025-07-15T20:20:00+08:00;1191.8927545070362
yzh mirror;2025-07-15T20:30:00+08:00;975.13329348157
yzh mirror;2025-07-15T20:40:00+08:00;1123.240662180961
yzh mirror;2025-07-15T20:50:00+08:00;1022.44177689622
yzh mirror;2025-07-15T21:00:00+08:00;5792.407072621629
yzh mirror;2025-07-15T21:10:00+08:00;1142.5308925778588
yzh mirror;2025-07-15T21:20:00+08:00;1298.2494895402056
yzh mirror;2025-07-15T21:30:00+08:00;1033.325020243396
yzh mirror;2025-07-15T21:40:00+08:00;946.6525050734779
yzh mirror;2025-07-15T21:50:00+08:00;1821.926897902803
yzh mirror;2025-07-15T22:00:00+08:00;1383.6749541477461
yzh mirror;2025-07-15T22:10:00+08:00;987.0324973874461
yzh mirror;2025-07-15T22:20:00+08:00;979.7086470509016
yzh mirror;2025-07-15T22:30:00+08:00;1306.3595951096604
yzh mirror;2025-07-15T22:40:00+08:00;876.8848840910089
yzh mirror;2025-07-15T22:50:00+08:00;914.5468521750272
yzh mirror;2025-07-15T23:00:00+08:00;992.1719287248142
yzh mirror;2025-07-15T23:10:00+08:00;794.2055653922587
yzh mirror;2025-07-15T23:20:00+08:00;951.4398413365302
yzh mirror;2025-07-15T23:30:00+08:00;971.2025763032284
yzh mirror;2025-07-15T23:40:00+08:00;1250.965591975307
yzh mirror;2025-07-15T23:50:00+08:00;969.1711018391406
yzh mirror;2025-07-16T00:00:00+08:00;1321.168644613048
yzh mirror;2025-07-16T00:10:00+08:00;1110.5942911443801
yzh mirror;2025-07-16T00:20:00+08:00;2280.8576316083972
yzh mirror;2025-07-16T00:30:00+08:00;2260.917832679399
yzh mirror;2025-07-16T00:40:00+08:00;2374.377354790704
yzh mirror;2025-07-16T00:50:00+08:00;2085.1471984451778
yzh mirror;2025-07-16T01:00:00+08:00;6029.151485546501
yzh mirror;2025-07-16T01:10:00+08:00;4272.864622797346
yzh mirror;2025-07-16T01:20:00+08:00;3625.5208911950435
yzh mirror;2025-07-16T01:30:00+08:00;1763.9480091762875
yzh mirror;2025-07-16T01:40:00+08:00;2007.008076771154
yzh mirror;2025-07-16T01:50:00+08:00;1418.7027164541778
yzh mirror;2025-07-16T02:00:00+08:00;2629.8798244080695
yzh mirror;2025-07-16T02:10:00+08:00;2264.4224925706644
yzh mirror;2025-07-16T02:20:00+08:00;1785.5772836581496
yzh mirror;2025-07-16T02:30:00+08:00;3510.6816650784754
yzh mirror;2025-07-16T02:40:00+08:00;954.7453746687819
yzh mirror;2025-07-16T02:50:00+08:00;1650.206216346639
yzh mirror;2025-07-16T03:00:00+08:00;1489.7094981720898
yzh mirror;2025-07-16T03:10:00+08:00;4104.597977211815
yzh mirror;2025-07-16T03:20:00+08:00;1499.0439318835547
yzh mirror;2025-07-16T03:30:00+08:00;2070.6189556243417
yzh mirror;2025-07-16T03:40:00+08:00;3442.3848066532028
yzh mirror;2025-07-16T03:50:00+08:00;822.9992215899242
yzh mirror;2025-07-16T04:00:00+08:00;868.9467699723359
yzh mirror;2025-07-16T04:10:00+08:00;3677.343133556298
yzh mirror;2025-07-16T04:20:00+08:00;2475.929485528938
yzh mirror;2025-07-16T04:30:00+08:00;3778.3552166368167
yzh mirror;2025-07-16T04:40:00+08:00;4607.493030944061
yzh mirror;2025-07-16T04:50:00+08:00;2273.0384784932253
yzh mirror;2025-07-16T05:00:00+08:00;8586.257546814122
yzh mirror;2025-07-16T05:10:00+08:00;6047.935135016429
yzh mirror;2025-07-16T05:20:00+08:00;4252.731755973454
yzh mirror;2025-07-16T05:30:00+08:00;4348.346652061216
yzh mirror;2025-07-16T05:40:00+08:00;4764.426655018324
yzh mirror;2025-07-16T05:50:00+08:00;4755.3046273394175
yzh mirror;2025-07-16T06:00:00+08:00;2444.4345841160457
yzh mirror;2025-07-16T06:10:00+08:00;2351.2076313918906
yzh mirror;2025-07-16T06:20:00+08:00;3826.2898594792405
yzh mirror;2025-07-16T06:30:00+08:00;4159.978511226482
yzh mirror;2025-07-16T06:40:00+08:00;4322.95186241308
yzh mirror;2025-07-16T06:50:00+08:00;3837.7428687637093
yzh mirror;2025-07-16T07:00:00+08:00;2684.6514858183114
yzh mirror;2025-07-16T07:10:00+08:00;2101.15024004704
yzh mirror;2025-07-16T07:20:00+08:00;4740.900407001318
yzh mirror;2025-07-16T07:30:00+08:00;3350.2239869857176
yzh mirror;2025-07-16T07:40:00+08:00;2787.692893117568
yzh mirror;2025-07-16T07:50:00+08:00;2621.8368144363835
yzh mirror;2025-07-16T08:00:00+08:00;2432.812089866407
yzh mirror;2025-07-16T08:10:00+08:00;2276.8222841544693
yzh mirror;2025-07-16T08:20:00+08:00;2140.5887928619914
yzh mirror;2025-07-16T08:30:00+08:00;1873.137927705671
yzh mirror;2025-07-16T08:40:00+08:00;2304.97898931622
yzh mirror;2025-07-16T08:50:00+08:00;2349.217612781088
yzh mirror;2025-07-16T09:00:00+08:00;2268.9501838656934
yzh mirror;2025-07-16T09:10:00+08:00;1808.1931264120135
yzh mirror;2025-07-16T09:20:00+08:00;1852.3356693299131
yzh mirror;2025-07-16T09:30:00+08:00;1794.4378944228265
yzh mirror;2025-07-16T09:40:00+08:00;2122.162217514902
yzh mirror;2025-07-16T09:50:00+08:00;2452.652505971553
yzh mirror;2025-07-16T10:00:00+08:00;2182.841233850443
yzh mirror;2025-07-16T10:10:00+08:00;1346.6067198423295
yzh mirror;2025-07-16T10:20:00+08:00;2250.3700689333773
yzh mirror;2025-07-16T10:30:00+08:00;1222.221944755357
yzh mirror;2025-07-16T10:40:00+08:00;1560.5081474278234
yzh mirror;2025-07-16T10:50:00+08:00;2087.262977063774
yzh mirror;2025-07-16T11:00:00+08:00;1622.1882959096793
yzh mirror;2025-07-16T11:10:00+08:00;1961.3722475051236
yzh mirror;2025-07-16T11:20:00+08:00;1583.3340932988012
yzh mirror;2025-07-16T11:30:00+08:00;1645.098584790794
yzh mirror;2025-07-16T11:40:00+08:00;1337.5003532322266
yzh mirror;2025-07-16T11:50:00+08:00;1174.2229998557032
yzh mirror;2025-07-16T12:00:00+08:00;998.5431779979475
yzh mirror;2025-07-16T12:10:00+08:00;1934.918024797228
yzh mirror;2025-07-16T12:20:00+08:00;2415.9074482010465
yzh mirror;2025-07-16T12:30:00+08:00;1423.8884107103984
yzh mirror;2025-07-16T12:40:00+08:00;1765.916422588517
yzh mirror;2025-07-16T12:50:00+08:00;1372.027027058728
yzh mirror;2025-07-16T13:00:00+08:00;1862.3879006732684
yzh mirror;2025-07-16T13:10:00+08:00;1675.6994741395083
yzh mirror;2025-07-16T13:20:00+08:00;1729.7077867758203
yzh mirror;2025-07-16T13:30:00+08:00;991.187613884844
yzh mirror;2025-07-16T13:40:00+08:00;1582.7204998422262
yzh mirror;2025-07-16T13:50:00+08:00;2402.5654457510377
yzh mirror;2025-07-16T14:00:00+08:00;1665.5933960974917
yzh mirror;2025-07-16T14:10:00+08:00;1466.819014597788
yzh mirror;2025-07-16T14:20:00+08:00;1271.1524429876306
yzh mirror;2025-07-16T14:30:00+08:00;1135.7031805716333
yzh mirror;2025-07-16T14:40:00+08:00;1519.829179504587
yzh mirror;2025-07-16T14:50:00+08:00;2346.524334543775
yzh mirror;2025-07-16T15:00:00+08:00;2437.639229721492
yzh mirror;2025-07-16T15:10:00+08:00;1472.966564512128
yzh mirror;2025-07-16T15:20:00+08:00;1536.1927371333204
yzh mirror;2025-07-16T15:30:00+08:00;2810.442576594509
yzh mirror;2025-07-16T15:40:00+08:00;1357.5148163006593
yzh mirror;2025-07-16T15:50:00+08:00;2144.417540851625
yzh mirror;2025-07-16T16:00:00+08:00;3081.539041627233
yzh mirror;2025-07-16T16:10:00+08:00;1411.236460705623
yzh mirror;2025-07-16T16:20:00+08:00;2185.548420619788
yzh mirror;2025-07-16T16:30:00+08:00;1554.8838451308839
yzh mirror;2025-07-16T16:40:00+08:00;997.4054922780165
yzh mirror;2025-07-16T16:50:00+08:00;1431.1367199470355
yzh mirror;2025-07-16T17:00:00+08:00;1668.108303716656
yzh mirror;2025-07-16T17:10:00+08:00;1682.5251902674097
yzh mirror;2025-07-16T17:20:00+08:00;1420.3779269767194
yzh mirror;2025-07-16T17:30:00+08:00;4435.297298236891
yzh mirror;2025-07-16T17:40:00+08:00;962.0281641309411
yzh mirror;2025-07-16T17:50:00+08:00;924.1620952558656
yzh mirror;2025-07-16T18:00:00+08:00;952.6281200203414
yzh mirror;2025-07-16T18:10:00+08:00;826.7487688685557
yzh mirror;2025-07-16T18:20:00+08:00;1870.4435600957258
yzh mirror;2025-07-16T18:30:00+08:00;897.9706136845168
yzh mirror;2025-07-16T18:40:00+08:00;853.1601996484942
yzh mirror;2025-07-16T18:50:00+08:00;826.8776035701535
yzh mirror;2025-07-16T19:00:00+08:00;825.2399017682308
yzh mirror;2025-07-16T19:10:00+08:00;858.8985777562461
yzh mirror;2025-07-16T19:20:00+08:00;955.308834153206
yzh mirror;2025-07-16T19:30:00+08:00;962.8652997741625
yzh mirror;2025-07-16T19:40:00+08:00;979.706189153716
yzh mirror;2025-07-16T19:50:00+08:00;986.3376541428354
yzh mirror;2025-07-16T20:00:00+08:00;975.366705363013
yzh mirror;2025-07-16T20:10:00+08:00;872.0705626145875
yzh mirror;2025-07-16T20:20:00+08:00;949.6185770427657
yzh mirror;2025-07-16T20:30:00+08:00;1104.79171621106
yzh mirror;2025-07-16T20:40:00+08:00;1446.269306115079
yzh mirror;2025-07-16T20:50:00+08:00;1510.2579170541505
yzh mirror;2025-07-16T21:00:00+08:00;1186.8691569897155
yzh mirror;2025-07-16T21:10:00+08:00;1185.5680865786744
yzh mirror;2025-07-16T21:20:00+08:00;1156.1173540618574
yzh mirror;2025-07-16T21:30:00+08:00;953.1410676812754
yzh mirror;2025-07-16T21:40:00+08:00;913.6177570741809
yzh mirror;2025-07-16T21:50:00+08:00;923.5441861616614
yzh mirror;2025-07-16T22:00:00+08:00;979.61709702279
yzh mirror;2025-07-16T22:10:00+08:00;950.4337652484783
yzh mirror;2025-07-16T22:20:00+08:00;871.7697737711194
yzh mirror;2025-07-16T22:30:00+08:00;982.7929667634944
yzh mirror;2025-07-16T22:40:00+08:00;894.373215518347
yzh mirror;2025-07-16T22:50:00+08:00;986.5714161074122
yzh mirror;2025-07-16T23:00:00+08:00;999.0183693261691
yzh mirror;2025-07-16T23:10:00+08:00;1017.5594436913085
yzh mirror;2025-07-16T23:20:00+08:00;1096.0945071649803
yzh mirror;2025-07-16T23:30:00+08:00;1326.7636206095358
yzh mirror;2025-07-16T23:40:00+08:00;988.3904446484938
yzh mirror;2025-07-16T23:50:00+08:00;954.5034460946076
yzh mirror;2025-07-17T00:00:00+08:00;1115.1950570044435
yzh mirror;2025-07-17T00:10:00+08:00;887.1956824663904
yzh mirror;2025-07-17T00:20:00+08:00;1248.99994722993
yzh mirror;2025-07-17T00:30:00+08:00;2539.7912923850777
yzh mirror;2025-07-17T00:40:00+08:00;1640.0896221324983
yzh mirror;2025-07-17T00:50:00+08:00;3083.6648598402953
yzh mirror;2025-07-17T01:00:00+08:00;9932.926424793799
yzh mirror;2025-07-17T01:10:00+08:00;2636.6090851388567
yzh mirror;2025-07-17T01:20:00+08:00;2119.924010537234
yzh mirror;2025-07-17T01:30:00+08:00;2525.5914712565454
yzh mirror;2025-07-17T01:40:00+08:00;2094.3217413323114
yzh mirror;2025-07-17T01:50:00+08:00;1843.864432059909
yzh mirror;2025-07-17T02:00:00+08:00;2060.561409358393
yzh mirror;2025-07-17T02:10:00+08:00;1704.97873974179
yzh mirror;2025-07-17T02:20:00+08:00;986.7515525204923
yzh mirror;2025-07-17T02:30:00+08:00;4372.427129669117
yzh mirror;2025-07-17T02:40:00+08:00;4085.1609273673134
yzh mirror;2025-07-17T02:50:00+08:00;1925.7643835349086
yzh mirror;2025-07-17T03:00:00+08:00;999.2616669361602
yzh mirror;2025-07-17T03:10:00+08:00;780.5655453653154
yzh mirror;2025-07-17T03:20:00+08:00;2523.365869693429
yzh mirror;2025-07-17T03:30:00+08:00;1814.116031538154
yzh mirror;2025-07-17T03:40:00+08:00;846.6922449796443
yzh mirror;2025-07-17T03:50:00+08:00;3813.0059978975605
yzh mirror;2025-07-17T04:00:00+08:00;4023.9878987052543
yzh mirror;2025-07-17T04:10:00+08:00;871.7811744837378
yzh mirror;2025-07-17T04:20:00+08:00;952.9520935298963
yzh mirror;2025-07-17T04:30:00+08:00;1695.877521404553
yzh mirror;2025-07-17T04:40:00+08:00;2402.596598718994
yzh mirror;2025-07-17T04:50:00+08:00;5658.290093392947
yzh mirror;2025-07-17T05:00:00+08:00;4327.256223117087
yzh mirror;2025-07-17T05:10:00+08:00;7759.709174446929
yzh mirror;2025-07-17T05:20:00+08:00;3898.9603827375768
yzh mirror;2025-07-17T05:30:00+08:00;3485.8946133746235
yzh mirror;2025-07-17T05:40:00+08:00;4522.59206778581
yzh mirror;2025-07-17T05:50:00+08:00;2358.38453148851
yzh mirror;2025-07-17T06:00:00+08:00;4075.0553593520053
yzh mirror;2025-07-17T06:10:00+08:00;1508.5335744732295
yzh mirror;2025-07-17T06:20:00+08:00;4242.223637534969
yzh mirror;2025-07-17T06:30:00+08:00;4047.545584362048
yzh mirror;2025-07-17T06:40:00+08:00;1989.0567440430034
yzh mirror;2025-07-17T06:50:00+08:00;2767.3815741376275
yzh mirror;2025-07-17T07:00:00+08:00;2206.699444532069
yzh mirror;2025-07-17T07:10:00+08:00;2093.039241911203
yzh mirror;2025-07-17T07:20:00+08:00;2392.082956618889
yzh mirror;2025-07-17T07:30:00+08:00;4168.764318557959
yzh mirror;2025-07-17T07:40:00+08:00;3788.5180451085052
yzh mirror;2025-07-17T07:50:00+08:00;3714.4323036435803
yzh mirror;2025-07-17T08:00:00+08:00;2416.3451026820194
yzh mirror;2025-07-17T08:10:00+08:00;2561.607392917118
yzh mirror;2025-07-17T08:20:00+08:00;2344.8886241022037
yzh mirror;2025-07-17T08:30:00+08:00;2048.0730466387504
yzh mirror;2025-07-17T08:40:00+08:00;2430.0309269243767
yzh mirror;2025-07-17T08:50:00+08:00;3008.714339105286
yzh mirror;2025-07-17T09:00:00+08:00;2663.2158785782867
yzh mirror;2025-07-17T09:10:00+08:00;3372.1291541588685
yzh mirror;2025-07-17T09:20:00+08:00;3041.584323940157
yzh mirror;2025-07-17T09:30:00+08:00;1660.8525546553874
yzh mirror;2025-07-17T09:40:00+08:00;1809.761341828027
yzh mirror;2025-07-17T09:50:00+08:00;1976.7089403115351
yzh mirror;2025-07-17T10:00:00+08:00;2038.9951136792497
yzh mirror;2025-07-17T10:10:00+08:00;1065.5302590943343
yzh mirror;2025-07-17T10:20:00+08:00;1507.4401772851859
yzh mirror;2025-07-17T10:30:00+08:00;2206.1898644012826
yzh mirror;2025-07-17T10:40:00+08:00;2533.8430227659114
yzh mirror;2025-07-17T10:50:00+08:00;1707.8208183494703
yzh mirror;2025-07-17T11:00:00+08:00;2087.7666059851153
yzh mirror;2025-07-17T11:10:00+08:00;1933.5315137707685
yzh mirror;2025-07-17T11:20:00+08:00;1289.7343694159485
yzh mirror;2025-07-17T11:30:00+08:00;5900.959261531746
yzh mirror;2025-07-17T11:40:00+08:00;2110.000936736778
yzh mirror;2025-07-17T11:50:00+08:00;2147.613615996375
yzh mirror;2025-07-17T12:00:00+08:00;1785.528804054814
yzh mirror;2025-07-17T12:10:00+08:00;1378.5575758520786
yzh mirror;2025-07-17T12:20:00+08:00;2010.0647509331893
yzh mirror;2025-07-17T12:30:00+08:00;1167.7481967847427
yzh mirror;2025-07-17T12:40:00+08:00;1530.725452671755
yzh mirror;2025-07-17T12:50:00+08:00;1536.0175271934638
yzh mirror;2025-07-17T13:00:00+08:00;2127.283052989792
yzh mirror;2025-07-17T13:10:00+08:00;1925.143657001537
yzh mirror;2025-07-17T13:20:00+08:00;1843.833950247819
yzh mirror;2025-07-17T13:30:00+08:00;1436.0971008200452
yzh mirror;2025-07-17T13:40:00+08:00;1112.8851291410576
yzh mirror;2025-07-17T13:50:00+08:00;1628.573080947674
yzh mirror;2025-07-17T14:00:00+08:00;1085.0493041752645
yzh mirror;2025-07-17T14:10:00+08:00;1414.464658856681
yzh mirror;2025-07-17T14:20:00+08:00;961.4997278783151
yzh mirror;2025-07-17T14:30:00+08:00;977.229539825342
yzh mirror;2025-07-17T14:40:00+08:00;1985.976831676268
yzh mirror;2025-07-17T14:50:00+08:00;1951.1433366058668
yzh mirror;2025-07-17T15:00:00+08:00;982.3392122732655
yzh mirror;2025-07-17T15:10:00+08:00;1493.544586761826
yzh mirror;2025-07-17T15:20:00+08:00;946.4518140451128
yzh mirror;2025-07-17T15:30:00+08:00;4439.986775749436
yzh mirror;2025-07-17T15:40:00+08:00;2239.969348641859
yzh mirror;2025-07-17T15:50:00+08:00;1696.831137234822
yzh mirror;2025-07-17T16:00:00+08:00;2019.0702352784692
yzh mirror;2025-07-17T16:10:00+08:00;4553.4183655529305
yzh mirror;2025-07-17T16:20:00+08:00;2658.6859392669926
yzh mirror;2025-07-17T16:30:00+08:00;1400.4004584291738
yzh mirror;2025-07-17T16:40:00+08:00;1879.1341858385572
yzh mirror;2025-07-17T16:50:00+08:00;1960.9276905823644
yzh mirror;2025-07-17T17:00:00+08:00;3449.971660187023
yzh mirror;2025-07-17T17:10:00+08:00;1568.9687174429855
yzh mirror;2025-07-17T17:20:00+08:00;973.5748279775828
yzh mirror;2025-07-17T17:30:00+08:00;1540.214377591221
yzh mirror;2025-07-17T17:40:00+08:00;1224.4723023157678
yzh mirror;2025-07-17T17:50:00+08:00;853.5020047202736
yzh mirror;2025-07-17T18:00:00+08:00;834.571880945806
yzh mirror;2025-07-17T18:10:00+08:00;832.2225331728255
yzh mirror;2025-07-17T18:20:00+08:00;794.7729838156192
yzh mirror;2025-07-17T18:30:00+08:00;824.8356107427088
yzh mirror;2025-07-17T18:40:00+08:00;573.5524779062564
yzh mirror;2025-07-17T18:50:00+08:00;771.6941487761098
yzh mirror;2025-07-17T19:00:00+08:00;739.1195279575579
yzh mirror;2025-07-17T19:10:00+08:00;743.5631052101669
yzh mirror;2025-07-17T19:20:00+08:00;710.0101243354584
yzh mirror;2025-07-17T19:30:00+08:00;707.7551705632336
yzh mirror;2025-07-17T19:40:00+08:00;655.6375699269878
yzh mirror;2025-07-17T19:50:00+08:00;1210.348373095455
yzh mirror;2025-07-17T20:00:00+08:00;1338.442388482841
yzh mirror;2025-07-17T20:10:00+08:00;1963.3001878105144
yzh mirror;2025-07-17T20:20:00+08:00;1451.2311794679322
yzh mirror;2025-07-17T20:30:00+08:00;1589.578574855268
yzh mirror;2025-07-17T20:40:00+08:00;1773.5717860573072
yzh mirror;2025-07-17T20:50:00+08:00;1608.03913252319
yzh mirror;2025-07-17T21:00:00+08:00;1179.033457886184
yzh mirror;2025-07-17T21:10:00+08:00;1334.9762733902162
yzh mirror;2025-07-17T21:20:00+08:00;977.6450851869454
yzh mirror;2025-07-17T21:30:00+08:00;947.7514533553805
yzh mirror;2025-07-17T21:40:00+08:00;1149.2930162101916
yzh mirror;2025-07-17T21:50:00+08:00;1824.1274611045478
yzh mirror;2025-07-17T22:00:00+08:00;1110.625141005668
yzh mirror;2025-07-17T22:10:00+08:00;890.3317276820223
yzh mirror;2025-07-17T22:20:00+08:00;962.9122883878692
yzh mirror;2025-07-17T22:30:00+08:00;932.4426012485683
yzh mirror;2025-07-17T22:40:00+08:00;852.7811760934117
yzh mirror;2025-07-17T22:50:00+08:00;806.2949839576075
yzh mirror;2025-07-17T23:00:00+08:00;982.9108657478334
yzh mirror;2025-07-17T23:10:00+08:00;875.799334441582
yzh mirror;2025-07-17T23:20:00+08:00;977.6912316019415
yzh mirror;2025-07-17T23:30:00+08:00;852.2620162928647
yzh mirror;2025-07-17T23:40:00+08:00;917.7907782227473
yzh mirror;2025-07-17T23:50:00+08:00;993.4678935658828
yzh mirror;2025-07-18T00:00:00+08:00;2148.035887338302
yzh mirror;2025-07-18T00:10:00+08:00;1984.9759753565886
yzh mirror;2025-07-18T00:20:00+08:00;1822.891122399507
yzh mirror;2025-07-18T00:30:00+08:00;1920.837497766348
yzh mirror;2025-07-18T00:40:00+08:00;1352.4000225929076
yzh mirror;2025-07-18T00:50:00+08:00;1024.4026342465088
yzh mirror;2025-07-18T01:00:00+08:00;2291.796181021234
yzh mirror;2025-07-18T01:10:00+08:00;4535.772607618563
yzh mirror;2025-07-18T01:20:00+08:00;4837.3600664853875
yzh mirror;2025-07-18T01:30:00+08:00;3834.611418365843
yzh mirror;2025-07-18T01:40:00+08:00;8312.530339648587
yzh mirror;2025-07-18T01:50:00+08:00;2416.1362672814903
yzh mirror;2025-07-18T02:00:00+08:00;2150.4585344169273
yzh mirror;2025-07-18T02:10:00+08:00;1011.7960567667395
yzh mirror;2025-07-18T02:20:00+08:00;1209.9100122138404
yzh mirror;2025-07-18T02:30:00+08:00;3568.234644892499
yzh mirror;2025-07-18T02:40:00+08:00;3200.031223717012
yzh mirror;2025-07-18T02:50:00+08:00;3141.8289412900854
yzh mirror;2025-07-18T03:00:00+08:00;3206.8863566469236
yzh mirror;2025-07-18T03:10:00+08:00;2902.573404402226
yzh mirror;2025-07-18T03:20:00+08:00;1127.2191458378038
yzh mirror;2025-07-18T03:30:00+08:00;1822.749257393737
yzh mirror;2025-07-18T03:40:00+08:00;2663.2251121271615
yzh mirror;2025-07-18T03:50:00+08:00;739.6451273634689
yzh mirror;2025-07-18T04:00:00+08:00;4249.687842932712
yzh mirror;2025-07-18T04:10:00+08:00;3955.3951548727728
yzh mirror;2025-07-18T04:20:00+08:00;3643.9352822001742
yzh mirror;2025-07-18T04:30:00+08:00;3491.2919034522897
yzh mirror;2025-07-18T04:40:00+08:00;3400.6985917015345
yzh mirror;2025-07-18T04:50:00+08:00;1584.2564353652588
yzh mirror;2025-07-18T05:00:00+08:00;4623.994805605727
yzh mirror;2025-07-18T05:10:00+08:00;3388.6680047943464
yzh mirror;2025-07-18T05:20:00+08:00;4564.989875403319
yzh mirror;2025-07-18T05:30:00+08:00;2432.5673904415507
yzh mirror;2025-07-18T05:40:00+08:00;3456.816693631036
yzh mirror;2025-07-18T05:50:00+08:00;3817.7455982944366
yzh mirror;2025-07-18T06:00:00+08:00;2305.9154394036486
yzh mirror;2025-07-18T06:10:00+08:00;3431.004916453707
yzh mirror;2025-07-18T06:20:00+08:00;2790.1843716191524
yzh mirror;2025-07-18T06:30:00+08:00;3974.732898899512
yzh mirror;2025-07-18T06:40:00+08:00;3757.506619802596
yzh mirror;2025-07-18T06:50:00+08:00;4389.941588814598
yzh mirror;2025-07-18T07:00:00+08:00;2664.318971312314
yzh mirror;2025-07-18T07:10:00+08:00;3144.2750775164645
yzh mirror;2025-07-18T07:20:00+08:00;3713.660438832946
yzh mirror;2025-07-18T07:30:00+08:00;2736.8704888174434
yzh mirror;2025-07-18T07:40:00+08:00;7059.658186013385
yzh mirror;2025-07-18T07:50:00+08:00;3721.280883714899
yzh mirror;2025-07-18T08:00:00+08:00;2252.4360979717726
yzh mirror;2025-07-18T08:10:00+08:00;2154.3828318518795
yzh mirror;2025-07-18T08:20:00+08:00;1875.2961580687859
yzh mirror;2025-07-18T08:30:00+08:00;2481.749066498979
yzh mirror;2025-07-18T08:40:00+08:00;2167.7598059075735
yzh mirror;2025-07-18T08:50:00+08:00;2433.0480699926284
yzh mirror;2025-07-18T09:00:00+08:00;5863.2744465064125
yzh mirror;2025-07-18T09:10:00+08:00;1652.6190993630448
yzh mirror;2025-07-18T09:20:00+08:00;1854.4884213565124
yzh mirror;2025-07-18T09:30:00+08:00;1879.1669646840382
yzh mirror;2025-07-18T09:40:00+08:00;958.6191283629739
yzh mirror;2025-07-18T09:50:00+08:00;1745.4132870995545
yzh mirror;2025-07-18T10:00:00+08:00;1556.811119754997
yzh mirror;2025-07-18T10:10:00+08:00;1688.4749527521149
yzh mirror;2025-07-18T10:20:00+08:00;974.6650042738661
yzh mirror;2025-07-18T10:30:00+08:00;1366.1788258787512
yzh mirror;2025-07-18T10:40:00+08:00;1511.1054605465142
yzh mirror;2025-07-18T10:50:00+08:00;2123.4928145614085
yzh mirror;2025-07-18T11:00:00+08:00;3882.049097602594
yzh mirror;2025-07-18T11:10:00+08:00;1887.5099566507597
yzh mirror;2025-07-18T11:20:00+08:00;2779.6397179853598
yzh mirror;2025-07-18T11:30:00+08:00;1922.0230945238527
yzh mirror;2025-07-18T11:40:00+08:00;2052.825237371204
yzh mirror;2025-07-18T11:50:00+08:00;2054.2530765293855
yzh mirror;2025-07-18T12:00:00+08:00;1175.5116007364936
yzh mirror;2025-07-18T12:10:00+08:00;1479.9712482937798
yzh mirror;2025-07-18T12:20:00+08:00;1411.1383318140029
yzh mirror;2025-07-18T12:30:00+08:00;1450.4712608529742
yzh mirror;2025-07-18T12:40:00+08:00;1211.3104984975716
yzh mirror;2025-07-18T12:50:00+08:00;1567.7981422356745
yzh mirror;2025-07-18T13:00:00+08:00;2064.7458309846634
yzh mirror;2025-07-18T13:10:00+08:00;1733.0799839639267
yzh mirror;2025-07-18T13:20:00+08:00;985.8445796073019
yzh mirror;2025-07-18T13:30:00+08:00;1122.6949632004412
yzh mirror;2025-07-18T13:40:00+08:00;2083.524123416728
yzh mirror;2025-07-18T13:50:00+08:00;2061.9675080949137
yzh mirror;2025-07-18T14:00:00+08:00;1034.907785449099
yzh mirror;2025-07-18T14:10:00+08:00;3818.122177610674
yzh mirror;2025-07-18T14:20:00+08:00;1480.87487801591
yzh mirror;2025-07-18T14:30:00+08:00;999.9747511212281
yzh mirror;2025-07-18T14:40:00+08:00;1149.2918432858269
yzh mirror;2025-07-18T14:50:00+08:00;945.7682391529884
yzh mirror;2025-07-18T15:00:00+08:00;1349.1526605429235
yzh mirror;2025-07-18T15:10:00+08:00;1156.4816680395354
yzh mirror;2025-07-18T15:20:00+08:00;1057.9184714861954
yzh mirror;2025-07-18T15:30:00+08:00;895.6440504369878
yzh mirror;2025-07-18T15:40:00+08:00;969.1272100839606
yzh mirror;2025-07-18T15:50:00+08:00;1533.770234605704
yzh mirror;2025-07-18T16:00:00+08:00;1926.8241734485357
yzh mirror;2025-07-18T16:10:00+08:00;1570.2809357482179
yzh mirror;2025-07-18T16:20:00+08:00;2309.4565133111246
yzh mirror;2025-07-18T16:30:00+08:00;2452.296310729647
yzh mirror;2025-07-18T16:40:00+08:00;1729.4101134260168
yzh mirror;2025-07-18T16:50:00+08:00;1546.209325161162
yzh mirror;2025-07-18T17:00:00+08:00;2151.9528744379163
yzh mirror;2025-07-18T17:10:00+08:00;1429.1269798997357
yzh mirror;2025-07-18T17:20:00+08:00;2001.517333066166
yzh mirror;2025-07-18T17:30:00+08:00;4635.908440221926
yzh mirror;2025-07-18T17:40:00+08:00;1652.6172503531475
yzh mirror;2025-07-18T17:50:00+08:00;2241.6784400444863
yzh mirror;2025-07-18T18:00:00+08:00;1974.0851262493616
yzh mirror;2025-07-18T18:10:00+08:00;1875.9483001548388
yzh mirror;2025-07-18T18:20:00+08:00;1595.0604457386826
yzh mirror;2025-07-18T18:30:00+08:00;1188.3437154651112
yzh mirror;2025-07-18T18:40:00+08:00;1138.467554221481
yzh mirror;2025-07-18T18:50:00+08:00;1436.9630919032038
yzh mirror;2025-07-18T19:00:00+08:00;1049.593773784406
yzh mirror;2025-07-18T19:10:00+08:00;1138.2917007595372
yzh mirror;2025-07-18T19:20:00+08:00;1735.3508626395794
yzh mirror;2025-07-18T19:30:00+08:00;1779.0765407974206
yzh mirror;2025-07-18T19:40:00+08:00;1111.7305862788794
yzh mirror;2025-07-18T19:50:00+08:00;979.8597630839738
yzh mirror;2025-07-18T20:00:00+08:00;934.3371311402727
yzh mirror;2025-07-18T20:10:00+08:00;983.8099393423211
yzh mirror;2025-07-18T20:20:00+08:00;1346.703929715326
yzh mirror;2025-07-18T20:30:00+08:00;1106.987939618792
yzh mirror;2025-07-18T20:40:00+08:00;984.4180258489222
yzh mirror;2025-07-18T20:50:00+08:00;947.0304992913881
yzh mirror;2025-07-18T21:00:00+08:00;988.2513814153513
yzh mirror;2025-07-18T21:10:00+08:00;986.1854986998603
yzh mirror;2025-07-18T21:20:00+08:00;1190.5825872478977
yzh mirror;2025-07-18T21:30:00+08:00;972.4099826587028
yzh mirror;2025-07-18T21:40:00+08:00;1761.5568744600218
yzh mirror;2025-07-18T21:50:00+08:00;1960.11716750452
yzh mirror;2025-07-18T22:00:00+08:00;1766.2819894376066
yzh mirror;2025-07-18T22:10:00+08:00;1134.0546638602696
yzh mirror;2025-07-18T22:20:00+08:00;961.5609965882861
yzh mirror;2025-07-18T22:30:00+08:00;952.9163036533114
yzh mirror;2025-07-18T22:40:00+08:00;905.4960793559734
yzh mirror;2025-07-18T22:50:00+08:00;934.5832583318748
yzh mirror;2025-07-18T23:00:00+08:00;997.7848009660952
yzh mirror;2025-07-18T23:10:00+08:00;958.7251777797267
yzh mirror;2025-07-18T23:20:00+08:00;872.7782401081553
yzh mirror;2025-07-18T23:30:00+08:00;873.7281371639568
yzh mirror;2025-07-18T23:40:00+08:00;1199.2072763305034
yzh mirror;2025-07-18T23:50:00+08:00;1396.6999931794098
yzh mirror;2025-07-19T00:00:00+08:00;1581.0893438264643
yzh mirror;2025-07-19T00:10:00+08:00;892.987700493763
yzh mirror;2025-07-19T00:20:00+08:00;1791.4820538686768
yzh mirror;2025-07-19T00:30:00+08:00;2470.710226175154
yzh mirror;2025-07-19T00:40:00+08:00;2910.8337791667795
yzh mirror;2025-07-19T00:50:00+08:00;2473.773876624322
yzh mirror;2025-07-19T01:00:00+08:00;2258.377913008815
yzh mirror;2025-07-19T01:10:00+08:00;3298.326739548197
yzh mirror;2025-07-19T01:20:00+08:00;8972.419032320904
yzh mirror;2025-07-19T01:30:00+08:00;3285.494909383525
yzh mirror;2025-07-19T01:40:00+08:00;2408.46606166069
yzh mirror;2025-07-19T01:50:00+08:00;4508.11098922259
yzh mirror;2025-07-19T02:00:00+08:00;4782.834984668839
yzh mirror;2025-07-19T02:10:00+08:00;1636.4236063092687
yzh mirror;2025-07-19T02:20:00+08:00;1110.3255985236804
yzh mirror;2025-07-19T02:30:00+08:00;2142.1139353782646
yzh mirror;2025-07-19T02:40:00+08:00;2645.4142609407204
yzh mirror;2025-07-19T02:50:00+08:00;4406.022735724315
yzh mirror;2025-07-19T03:00:00+08:00;2191.764679768165
yzh mirror;2025-07-19T03:10:00+08:00;2251.211223170313
yzh mirror;2025-07-19T03:20:00+08:00;4538.512808352364
yzh mirror;2025-07-19T03:30:00+08:00;3086.9294996406807
yzh mirror;2025-07-19T03:40:00+08:00;3331.1237405623915
yzh mirror;2025-07-19T03:50:00+08:00;2125.85047651484
yzh mirror;2025-07-19T04:00:00+08:00;3967.996561374478
yzh mirror;2025-07-19T04:10:00+08:00;2893.4897436997535
yzh mirror;2025-07-19T04:20:00+08:00;3489.445087028763
yzh mirror;2025-07-19T04:30:00+08:00;2229.3405574030567
yzh mirror;2025-07-19T04:40:00+08:00;2903.3603434399965
yzh mirror;2025-07-19T04:50:00+08:00;1315.612909334515
yzh mirror;2025-07-19T05:00:00+08:00;2395.3509264040113
yzh mirror;2025-07-19T05:10:00+08:00;4174.664695047312
yzh mirror;2025-07-19T05:20:00+08:00;2361.6010585923605
yzh mirror;2025-07-19T05:30:00+08:00;3380.8375451299353
yzh mirror;2025-07-19T05:40:00+08:00;3997.550719775918
yzh mirror;2025-07-19T05:50:00+08:00;2541.4398506697335
yzh mirror;2025-07-19T06:00:00+08:00;3478.68014157751
yzh mirror;2025-07-19T06:10:00+08:00;4571.984115571595
yzh mirror;2025-07-19T06:20:00+08:00;3504.6479525024956
yzh mirror;2025-07-19T06:30:00+08:00;2539.667843967536
yzh mirror;2025-07-19T06:40:00+08:00;2721.9973776980996
yzh mirror;2025-07-19T06:50:00+08:00;2302.963637022847
yzh mirror;2025-07-19T07:00:00+08:00;3266.718876648647
yzh mirror;2025-07-19T07:10:00+08:00;1747.656810040837
yzh mirror;2025-07-19T07:20:00+08:00;2268.103604633445
yzh mirror;2025-07-19T07:30:00+08:00;2802.1284880579233
yzh mirror;2025-07-19T07:40:00+08:00;2291.74468175575
yzh mirror;2025-07-19T07:50:00+08:00;1990.1303686865137
yzh mirror;2025-07-19T08:00:00+08:00;3554.35427442079
yzh mirror;2025-07-19T08:10:00+08:00;2842.191084897661
yzh mirror;2025-07-19T08:20:00+08:00;2081.378138287003
yzh mirror;2025-07-19T08:30:00+08:00;2140.272745722127
yzh mirror;2025-07-19T08:40:00+08:00;1931.4149091961594
yzh mirror;2025-07-19T08:50:00+08:00;2403.3603128750747
yzh mirror;2025-07-19T09:00:00+08:00;2444.6190767292755
yzh mirror;2025-07-19T09:10:00+08:00;2170.0472886928574
yzh mirror;2025-07-19T09:20:00+08:00;2923.5117555894467
yzh mirror;2025-07-19T09:30:00+08:00;2020.4495396468108
yzh mirror;2025-07-19T09:40:00+08:00;1966.5161615208835
yzh mirror;2025-07-19T09:50:00+08:00;1844.7581184700025
yzh mirror;2025-07-19T10:00:00+08:00;2312.0091803635214
yzh mirror;2025-07-19T10:10:00+08:00;1623.918988617825
yzh mirror;2025-07-19T10:20:00+08:00;2108.77320504029
yzh mirror;2025-07-19T10:30:00+08:00;2129.421363079902
yzh mirror;2025-07-19T10:40:00+08:00;2068.81527467214
yzh mirror;2025-07-19T10:50:00+08:00;1758.261926290303
yzh mirror;2025-07-19T11:00:00+08:00;1777.4613698646322
yzh mirror;2025-07-19T11:10:00+08:00;1663.0465032415618
yzh mirror;2025-07-19T11:20:00+08:00;1157.4017265839848
yzh mirror;2025-07-19T11:30:00+08:00;2111.780705135152
yzh mirror;2025-07-19T11:40:00+08:00;1943.9983336815799
yzh mirror;2025-07-19T11:50:00+08:00;2234.081214439946
yzh mirror;2025-07-19T12:00:00+08:00;1697.2296451136267
yzh mirror;2025-07-19T12:10:00+08:00;2150.165367345817
yzh mirror;2025-07-19T12:20:00+08:00;2077.978840415742
yzh mirror;2025-07-19T12:30:00+08:00;2034.5546368861703
yzh mirror;2025-07-19T12:40:00+08:00;1682.0071690935279
yzh mirror;2025-07-19T12:50:00+08:00;2304.7237309690536
yzh mirror;2025-07-19T13:00:00+08:00;2318.8076775293293
yzh mirror;2025-07-19T13:10:00+08:00;1617.074993169459
yzh mirror;2025-07-19T13:20:00+08:00;1993.3510533886226
yzh mirror;2025-07-19T13:30:00+08:00;1074.9077219229307
yzh mirror;2025-07-19T13:40:00+08:00;1636.4612279509452
yzh mirror;2025-07-19T13:50:00+08:00;1378.8570269700429
yzh mirror;2025-07-19T14:00:00+08:00;1147.9578366172047
yzh mirror;2025-07-19T14:10:00+08:00;1242.6549967671403
yzh mirror;2025-07-19T14:20:00+08:00;1639.2136574858805
yzh mirror;2025-07-19T14:30:00+08:00;1828.4292303706266
yzh mirror;2025-07-19T14:40:00+08:00;1722.8406482957016
yzh mirror;2025-07-19T14:50:00+08:00;978.6108934117283
yzh mirror;2025-07-19T15:00:00+08:00;971.2341509114542
yzh mirror;2025-07-19T15:10:00+08:00;1229.8490945614997
yzh mirror;2025-07-19T15:20:00+08:00;1981.7071431618367
yzh mirror;2025-07-19T15:30:00+08:00;2174.838596051444
yzh mirror;2025-07-19T15:40:00+08:00;1783.2430999382111
yzh mirror;2025-07-19T15:50:00+08:00;1392.8742842479492
yzh mirror;2025-07-19T16:00:00+08:00;1716.2554589241577
yzh mirror;2025-07-19T16:10:00+08:00;1105.2477180851959
yzh mirror;2025-07-19T16:20:00+08:00;1139.136993703097
yzh mirror;2025-07-19T16:30:00+08:00;2011.786264499662
yzh mirror;2025-07-19T16:40:00+08:00;1700.6197091423637
yzh mirror;2025-07-19T16:50:00+08:00;2006.2692454172907
yzh mirror;2025-07-19T17:00:00+08:00;1821.8035265936883
yzh mirror;2025-07-19T17:10:00+08:00;1092.5830022381388
yzh mirror;2025-07-19T17:20:00+08:00;880.3584156820364
yzh mirror;2025-07-19T17:30:00+08:00;823.5763359537907
yzh mirror;2025-07-19T17:40:00+08:00;736.9476112419947
yzh mirror;2025-07-19T17:50:00+08:00;818.2245556253904
yzh mirror;2025-07-19T18:00:00+08:00;901.2185797571644
yzh mirror;2025-07-19T18:10:00+08:00;766.1032206945695
yzh mirror;2025-07-19T18:20:00+08:00;806.095915995264
yzh mirror;2025-07-19T18:30:00+08:00;666.7445036630113
yzh mirror;2025-07-19T18:40:00+08:00;788.4749802095389
yzh mirror;2025-07-19T18:50:00+08:00;817.7539165892654
yzh mirror;2025-07-19T19:00:00+08:00;753.2604663831464
yzh mirror;2025-07-19T19:10:00+08:00;786.2917828087094
yzh mirror;2025-07-19T19:20:00+08:00;587.7840184440997
yzh mirror;2025-07-19T19:30:00+08:00;758.170100678693
yzh mirror;2025-07-19T19:40:00+08:00;839.1864507219523
yzh mirror;2025-07-19T19:50:00+08:00;727.2101728557054
yzh mirror;2025-07-19T20:00:00+08:00;596.6387814657262
yzh mirror;2025-07-19T20:10:00+08:00;1753.3708060694473
yzh mirror;2025-07-19T20:20:00+08:00;1805.3900791616397
yzh mirror;2025-07-19T20:30:00+08:00;1348.6824338999704
yzh mirror;2025-07-19T20:40:00+08:00;1597.8890416613228
yzh mirror;2025-07-19T20:50:00+08:00;1515.7147299281232
yzh mirror;2025-07-19T21:00:00+08:00;2221.3222020785606
yzh mirror;2025-07-19T21:10:00+08:00;1170.363688006817
yzh mirror;2025-07-19T21:20:00+08:00;1723.8361304503474
yzh mirror;2025-07-19T21:30:00+08:00;1629.3184825919018
yzh mirror;2025-07-19T21:40:00+08:00;991.5211291170334
yzh mirror;2025-07-19T21:50:00+08:00;1808.2306987431934
yzh mirror;2025-07-19T22:00:00+08:00;1093.973917415203
yzh mirror;2025-07-19T22:10:00+08:00;1685.8338815112634
yzh mirror;2025-07-19T22:20:00+08:00;952.8215978334335
yzh mirror;2025-07-19T22:30:00+08:00;2413.0783245115463
yzh mirror;2025-07-19T22:40:00+08:00;978.6823416995637
yzh mirror;2025-07-19T22:50:00+08:00;1351.9191547679745
yzh mirror;2025-07-19T23:00:00+08:00;984.7307722466672
yzh mirror;2025-07-19T23:10:00+08:00;981.9063880181116
yzh mirror;2025-07-19T23:20:00+08:00;987.517857505693
yzh mirror;2025-07-19T23:30:00+08:00;1076.5884579001827
yzh mirror;2025-07-19T23:40:00+08:00;976.0392769272581
yzh mirror;2025-07-19T23:50:00+08:00;1956.2962645525768
yzh mirror;2025-07-20T00:00:00+08:00;1407.1457703439694
yzh mirror;2025-07-20T00:10:00+08:00;2368.1347328935144
yzh mirror;2025-07-20T00:20:00+08:00;3591.0982210103866
yzh mirror;2025-07-20T00:30:00+08:00;2028.065147394541
yzh mirror;2025-07-20T00:40:00+08:00;2232.395224136196
yzh mirror;2025-07-20T00:50:00+08:00;2392.6455436923416
yzh mirror;2025-07-20T01:00:00+08:00;5523.89614319348
yzh mirror;2025-07-20T01:10:00+08:00;2797.219277628105
yzh mirror;2025-07-20T01:20:00+08:00;4651.265180607962
yzh mirror;2025-07-20T01:30:00+08:00;6260.8852174695785
yzh mirror;2025-07-20T01:40:00+08:00;5371.679358148087
yzh mirror;2025-07-20T01:50:00+08:00;3964.0897651848572
yzh mirror;2025-07-20T02:00:00+08:00;5306.5126855409835
yzh mirror;2025-07-20T02:10:00+08:00;1911.0882969220875
yzh mirror;2025-07-20T02:20:00+08:00;1903.2536785389818
yzh mirror;2025-07-20T02:30:00+08:00;6107.891997053988
yzh mirror;2025-07-20T02:40:00+08:00;3493.1382763394095
yzh mirror;2025-07-20T02:50:00+08:00;2171.7245948856216
yzh mirror;2025-07-20T03:00:00+08:00;3506.512568776347
yzh mirror;2025-07-20T03:10:00+08:00;2463.7633722698783
yzh mirror;2025-07-20T03:20:00+08:00;3962.9650103959875
yzh mirror;2025-07-20T03:30:00+08:00;2988.480615695439
yzh mirror;2025-07-20T03:40:00+08:00;882.9163948013736
yzh mirror;2025-07-20T03:50:00+08:00;4442.624442281647
yzh mirror;2025-07-20T04:00:00+08:00;4236.484053889304
yzh mirror;2025-07-20T04:10:00+08:00;9595.099746667433
yzh mirror;2025-07-20T04:20:00+08:00;4736.817511899975
yzh mirror;2025-07-20T04:30:00+08:00;1834.0033459023477
yzh mirror;2025-07-20T04:40:00+08:00;2328.6324211918036
yzh mirror;2025-07-20T04:50:00+08:00;3248.4539136379744
yzh mirror;2025-07-20T05:00:00+08:00;8755.750504824384
yzh mirror;2025-07-20T05:10:00+08:00;2368.958676923672
yzh mirror;2025-07-20T05:20:00+08:00;5228.1633976074145
yzh mirror;2025-07-20T05:30:00+08:00;5123.6613396705925
yzh mirror;2025-07-20T05:40:00+08:00;7866.968460325672
yzh mirror;2025-07-20T05:50:00+08:00;7609.769827211721
yzh mirror;2025-07-20T06:00:00+08:00;6721.86927525731
yzh mirror;2025-07-20T06:10:00+08:00;4902.663308230864
yzh mirror;2025-07-20T06:20:00+08:00;3890.759130129094
yzh mirror;2025-07-20T06:30:00+08:00;5952.49749617845
yzh mirror;2025-07-20T06:40:00+08:00;5483.167908041143
yzh mirror;2025-07-20T06:50:00+08:00;3867.0850676378213
yzh mirror;2025-07-20T07:00:00+08:00;4546.177775886636
yzh mirror;2025-07-20T07:10:00+08:00;5782.487550372498
yzh mirror;2025-07-20T07:20:00+08:00;4757.833817135812
yzh mirror;2025-07-20T07:30:00+08:00;4941.285203964401
yzh mirror;2025-07-20T07:40:00+08:00;7048.408958144057
yzh mirror;2025-07-20T07:50:00+08:00;5387.481366630768
yzh mirror;2025-07-20T08:00:00+08:00;5214.728961231607
yzh mirror;2025-07-20T08:10:00+08:00;3829.980351720671
yzh mirror;2025-07-20T08:20:00+08:00;3473.2153952886288
yzh mirror;2025-07-20T08:30:00+08:00;2203.318148838711
yzh mirror;2025-07-20T08:40:00+08:00;2832.5103980958834
yzh mirror;2025-07-20T08:50:00+08:00;2395.2746457770377
yzh mirror;2025-07-20T09:00:00+08:00;2467.5601615091446
yzh mirror;2025-07-20T09:10:00+08:00;3977.9309477163533
yzh mirror;2025-07-20T09:20:00+08:00;2432.841411709906
yzh mirror;2025-07-20T09:30:00+08:00;2280.6331108764875
yzh mirror;2025-07-20T09:40:00+08:00;1946.996102791816
yzh mirror;2025-07-20T09:50:00+08:00;3030.0099719117316
yzh mirror;2025-07-20T10:00:00+08:00;4247.059868592366
yzh mirror;2025-07-20T10:10:00+08:00;3717.079083601439
yzh mirror;2025-07-20T10:20:00+08:00;3041.6470852516077
yzh mirror;2025-07-20T10:30:00+08:00;2716.1155204026177
yzh mirror;2025-07-20T10:40:00+08:00;2378.1583374016204
yzh mirror;2025-07-20T10:50:00+08:00;2053.961051204459
yzh mirror;2025-07-20T11:00:00+08:00;2433.539035816521
yzh mirror;2025-07-20T11:10:00+08:00;3077.506359543496
yzh mirror;2025-07-20T11:20:00+08:00;2108.5543372605744
yzh mirror;2025-07-20T11:30:00+08:00;1539.5704274436816
yzh mirror;2025-07-20T11:40:00+08:00;2102.6387660367704
yzh mirror;2025-07-20T11:50:00+08:00;1831.5111570017648
yzh mirror;2025-07-20T12:00:00+08:00;3417.178701081897
yzh mirror;2025-07-20T12:10:00+08:00;1336.3545877766821
yzh mirror;2025-07-20T12:20:00+08:00;1849.24712646549
yzh mirror;2025-07-20T12:30:00+08:00;1973.5056172383304
yzh mirror;2025-07-20T12:40:00+08:00;997.5111867956609
yzh mirror;2025-07-20T12:50:00+08:00;2098.690329486655
yzh mirror;2025-07-20T13:00:00+08:00;1730.1217061054194
yzh mirror;2025-07-20T13:10:00+08:00;2231.199847159566
yzh mirror;2025-07-20T13:20:00+08:00;1730.3482917434067
yzh mirror;2025-07-20T13:30:00+08:00;2207.5307078102624
yzh mirror;2025-07-20T13:40:00+08:00;3944.6680856233074
yzh mirror;2025-07-20T13:50:00+08:00;2719.6851141968414
yzh mirror;2025-07-20T14:00:00+08:00;4163.642595005619
yzh mirror;2025-07-20T14:10:00+08:00;1587.9076922380518
yzh mirror;2025-07-20T14:20:00+08:00;1978.2350337345729
yzh mirror;2025-07-20T14:30:00+08:00;1725.194174823558
yzh mirror;2025-07-20T14:40:00+08:00;2002.5940813271898
yzh mirror;2025-07-20T14:50:00+08:00;1420.7683842781707
yzh mirror;2025-07-20T15:00:00+08:00;2846.167637706844
yzh mirror;2025-07-20T15:10:00+08:00;983.6529273416993
yzh mirror;2025-07-20T15:20:00+08:00;1676.1860418154874
yzh mirror;2025-07-20T15:30:00+08:00;1718.585283518632
yzh mirror;2025-07-20T15:40:00+08:00;2035.574563790951
yzh mirror;2025-07-20T15:50:00+08:00;1638.7681287228706
yzh mirror;2025-07-20T16:00:00+08:00;1308.7865888863423
yzh mirror;2025-07-20T16:10:00+08:00;1729.1597046001764
yzh mirror;2025-07-20T16:20:00+08:00;2101.419705293514
yzh mirror;2025-07-20T16:30:00+08:00;2226.0924677992716
yzh mirror;2025-07-20T16:40:00+08:00;1819.1904431848802
yzh mirror;2025-07-20T16:50:00+08:00;1425.0447085476098
yzh mirror;2025-07-20T17:00:00+08:00;976.1282504308774
yzh mirror;2025-07-20T17:10:00+08:00;981.2920039108203
yzh mirror;2025-07-20T17:20:00+08:00;799.8491789657742
yzh mirror;2025-07-20T17:30:00+08:00;941.8821153029686
yzh mirror;2025-07-20T17:40:00+08:00;859.9412733162934
yzh mirror;2025-07-20T17:50:00+08:00;798.0052713624015
yzh mirror;2025-07-20T18:00:00+08:00;791.6205848898006
yzh mirror;2025-07-20T18:10:00+08:00;668.9311710910653
yzh mirror;2025-07-20T18:20:00+08:00;834.8646886050674
yzh mirror;2025-07-20T18:30:00+08:00;989.2170447729574
yzh mirror;2025-07-20T18:40:00+08:00;778.2216895246363
yzh mirror;2025-07-20T18:50:00+08:00;1519.5927129637541
yzh mirror;2025-07-20T19:00:00+08:00;943.3619815625169
yzh mirror;2025-07-20T19:10:00+08:00;1177.8507791754832
yzh mirror;2025-07-20T19:20:00+08:00;1142.5377433236204
yzh mirror;2025-07-20T19:30:00+08:00;978.3082149636962
yzh mirror;2025-07-20T19:40:00+08:00;966.829675036818
yzh mirror;2025-07-20T19:50:00+08:00;1074.869916721555
yzh mirror;2025-07-20T20:00:00+08:00;1671.4982553206873
yzh mirror;2025-07-20T20:10:00+08:00;1486.380955111823
yzh mirror;2025-07-20T20:20:00+08:00;930.6991623065226
yzh mirror;2025-07-20T20:30:00+08:00;926.3515969647566
yzh mirror;2025-07-20T20:40:00+08:00;1410.737357272556
yzh mirror;2025-07-20T20:50:00+08:00;1566.5652968983827
yzh mirror;2025-07-20T21:00:00+08:00;1931.7392509345987
yzh mirror;2025-07-20T21:10:00+08:00;975.4920503676417
yzh mirror;2025-07-20T21:20:00+08:00;978.7200704366692
yzh mirror;2025-07-20T21:30:00+08:00;985.4716284177384
yzh mirror;2025-07-20T21:40:00+08:00;999.4088600931004
yzh mirror;2025-07-20T21:50:00+08:00;1097.7490182845968
yzh mirror;2025-07-20T22:00:00+08:00;1377.6125674293462
yzh mirror;2025-07-20T22:10:00+08:00;910.9410775276342
yzh mirror;2025-07-20T22:20:00+08:00;949.8674562838163
yzh mirror;2025-07-20T22:30:00+08:00;961.6519603435861
yzh mirror;2025-07-20T22:40:00+08:00;1044.6919357643826
yzh mirror;2025-07-20T22:50:00+08:00;975.6936671502386
yzh mirror;2025-07-20T23:00:00+08:00;1214.2603377605967
yzh mirror;2025-07-20T23:10:00+08:00;805.8411100382195
yzh mirror;2025-07-20T23:20:00+08:00;1359.0990224904117
yzh mirror;2025-07-20T23:30:00+08:00;1517.1013972196542
yzh mirror;2025-07-20T23:40:00+08:00;1698.7058809256505
yzh mirror;2025-07-20T23:50:00+08:00;1677.2533652580005
yzh mirror;2025-07-21T00:00:00+08:00;1656.7728491895791